asin,titre,url,prix,prix_barre,note,nb_avis,image,prime,sponsorise
B0CDCFH17J,"Philips Machine à Espresso Entièrement Automatique Séries 3300-6 Boissons,Écran tactile couleur moderne,Système à lait LatteGo,SilentBrew,Broyeur 100% Céramique. Noir Chrome (EP3347/90)",https://www.amazon.com.be/dp/B0CDCFH17J,399.99,599.99,4.4,30,https://m.media-amazon.com/images/I/61UkZQvB2DL._AC_UL320_.jpg,False,True
B09FZFXVYV,WALDWERK Cafetière Italienne (300ml) - Induction - Cafetière Italienne Inox avec Poignée en Chêne Véritable - Compatible avec Tous Types de Plaques - Cafetière Camping,https://www.amazon.com.be/dp/B09FZFXVYV,39.90,,4.4,773,https://m.media-amazon.com/images/I/71VS6qt2iIL._AC_UL320_.jpg,False,True
B07HRT3XRT,Groenenberg Cafetiere italienne induction 300ml | Cafetière italienne en acier inox avec filtre réducteur I Moka pour jusqu'à 6 tasses d'espresso,https://www.amazon.com.be/dp/B07HRT3XRT,42.99,,4.4,32,https://m.media-amazon.com/images/I/61AwZXlhabL._AC_UL320_.jpg,False,True
B096Y98KDD,WALDWERK Cafetière à Piston (1L) - French Press en Acier Inoxydable à Double Paroi - Cafetière Manuelle avec Poignée en Bois de Chêne - Cafetière Camping 100% Sans Plastique - Cafetière Piston Inox,https://www.amazon.com.be/dp/B096Y98KDD,49.90,,4.5,274,https://m.media-amazon.com/images/I/713qmfjFxWL._AC_UL320_.jpg,False,True
B00004RFRU,"Bialetti - Moka Express: La Cafetière Expresso Iconique, Le Vrai Café Italien, Cafetière 6 Tasses (270 Ml), Aluminium, Argenté [Classe énergétique A+]",https://www.amazon.com.be/dp/B00004RFRU,25.99,46.30,4.6,1,https://m.media-amazon.com/images/I/41GHOyAOvTL._AC_UL320_.jpg,False,False
B07ZKZXM4B,"Bialetti - Nouvelle cafetière expresso Venus Induction, Plaque de cuisson en acier inoxydable, Adaptée à toutes les sources de chaleur, 6 Tasses, Aluminium, 235ml,Argent",https://www.amazon.com.be/dp/B07ZKZXM4B,28.50,,4.6,1,https://m.media-amazon.com/images/I/61RbpANq9CL._AC_UL320_.jpg,False,False
B0000AN3QI,"Bialetti - Moka Express: La Cafetière Expresso Iconique, Le Vrai Café Italien, Cafetière 3 Tasses (130 Ml), Aluminium, Argenté",https://www.amazon.com.be/dp/B0000AN3QI,21.99,34.90,4.5,1,https://m.media-amazon.com/images/I/61iN9DF1xcL._AC_UL320_.jpg,False,False
B08556XV39,"Bialetti - Nouvelle machine à expresso italienne Venus Induction en acier inoxydable, adaptée à tous les types d'assiettes, 4 tasses à café (170 ml), argentée, Argent",https://www.amazon.com.be/dp/B08556XV39,26.80,27.49,4.6,322,https://m.media-amazon.com/images/I/61JJIkm+9qL._AC_UL320_.jpg,False,False
B071D9W2LF,"Bialetti - Moka Color : Machine à expresso emblématique sur la cuisinière, Fait du vrai café italien, Pot Moka 3 tasses (130 ml), Aluminium, Rouge",https://www.amazon.com.be/dp/B071D9W2LF,19.99,39.06,4.6,132,https://m.media-amazon.com/images/I/61gx5PIdgaL._AC_UL320_.jpg,False,False
B006BMBLW2,"Bialetti Presse à café Preziosa, Filtre presse française pour café ou thé, Corps en acier inoxydable et récipient en verre borosilicaté, Va au lave-vaisselle, 1 litre, 8 Tasses, Marron",https://www.amazon.com.be/dp/B006BMBLW2,14.99,38.90,4.6,63,https://m.media-amazon.com/images/I/61Q4d1+1VlL._AC_UL320_.jpg,False,False
B07KS4TJZZ,"Bialetti Plaque à induction 13 cm, adaptateur induction, convient pour cafetières de 1 à 9 tasses ou petites dimensions, acier, Noir",https://www.amazon.com.be/dp/B07KS4TJZZ,16.00,19.90,4.4,191,https://m.media-amazon.com/images/I/61NWJpd39RL._AC_UL320_.jpg,False,False
B0000AN3QJ,"Bialetti - Moka Express: La Cafetière Expresso Iconique, Le Vrai Café Italien, Cafetière Moka 12 Tasses (600 Ml), Aluminium, Argenté - Pas pour l'induction",https://www.amazon.com.be/dp/B0000AN3QJ,40.49,65.90,4.5,31,https://m.media-amazon.com/images/I/518scFLK11L._AC_UL320_.jpg,False,False
B07ZL4WWWR,"Bialetti - New Venus Induction, Cafetière Expresso en Inox, Adaptée à Tous Les Types de Plaques de Cuisson, 10 Tasses (460 Ml), Aluminium, Argenté",https://www.amazon.com.be/dp/B07ZL4WWWR,35.99,63.90,4.6,322,https://m.media-amazon.com/images/I/61881ezTGYL._AC_UL320_.jpg,False,False
B0016H2PLS,"Bialetti - Moka Express: La Cafetière Expresso Iconique, Le Vrai Café Italien, Cafetière Moka 4 Tasses (190 Ml), Aluminium, Argenté",https://www.amazon.com.be/dp/B0016H2PLS,23.99,37.90,4.6,223,https://m.media-amazon.com/images/I/51c6hAkfqGL._AC_UL320_.jpg,False,False
B08BNVF2N5,"Bialetti - Moka à induction, marmite à moka, adaptée à tous les types de cuisinières, 4 tasses d'espresso (190 ml), noir",https://www.amazon.com.be/dp/B08BNVF2N5,36.90,57.18,4.5,189,https://m.media-amazon.com/images/I/51nTCOvKbSL._AC_UL320_.jpg,False,False
B08BPBBK8B,"Bialetti - Moka Induction, Cafetière Moka, Convient à Tous Les Types de Plaques de Cuisson, 6 Tasses d'Espresso (270 Ml), Rouge",https://www.amazon.com.be/dp/B08BPBBK8B,40.90,63.90,4.5,189,https://m.media-amazon.com/images/I/61WB9RTZv9L._AC_UL320_.jpg,False,False
B0019M4H16,"Bialetti - Moka Express: La Cafetière Expresso Iconique, Le Vrai Café Italien, Cafetière, 2 Tasses (90 Ml), Aluminium, Argenté | 90 ml, argent/noir, 8 x 11 x 11 cm",https://www.amazon.com.be/dp/B0019M4H16,22.28,31.90,4.5,146,https://m.media-amazon.com/images/I/61VxokIK55L._AC_UL320_.jpg,False,False
B00004RFRV,"Bialetti Cafetière Bialetti Moka Express en aluminium (9 tasses), 420 ml, argent",https://www.amazon.com.be/dp/B00004RFRV,41.99,55.60,4.6,78,https://m.media-amazon.com/images/I/61PBmO+JqlL._AC_UL320_.jpg,False,False
B071Z2XTNP,"Bialetti - Collection Moka Express Italia: La Cafetière Expresso Iconique, Qui Fait Du Véritable Café Italien, Cafetière Moka 3 Tasses (130 Ml), Aluminium, Coloré En Rouge, Vert Et Argent",https://www.amazon.com.be/dp/B071Z2XTNP,26.24,37.90,4.7,67,https://m.media-amazon.com/images/I/61b0xW14g1L._AC_UL320_.jpg,False,False
B072VM46J3,"Bialetti - Cafetière Rainbowl aluminium, jaune, 1 tasse | B",https://www.amazon.com.be/dp/B072VM46J3,19.60,25.90,4.4,116,https://m.media-amazon.com/images/I/51vZmfMP15L._AC_UL320_.jpg,False,False
B0FRSX36NB,"Cafetière Portable par MMOBIEL – Machine à Café Expresso Électrique avec Base Anti-Dérapante, Auto-Chauffante & USB-C – Compatible Capsules & Café Moulu pour Voyage, (Argent + Support)",https://www.amazon.com.be/dp/B0FRSX36NB,55.99,58.99,3.5,109,https://m.media-amazon.com/images/I/611mxj3U1sL._AC_UL320_.jpg,False,True
B0DBHP6YW9,"Bialetti – Moka Express Bridgerton : Machine à expresso emblématique pour cuisinière – Licence officielle Netflix, 3 tasses (4 oz), aluminium",https://www.amazon.com.be/dp/B0DBHP6YW9,42.95,,4.6,971,https://m.media-amazon.com/images/I/71V8RmQtNgL._AC_UL320_.jpg,False,True
B09V89K73X,Bialetti Set Mini Express Moka avec 2 tasses cœur 90 ml,https://www.amazon.com.be/dp/B09V89K73X,45.90,,4.4,45,https://m.media-amazon.com/images/I/61dK5xIvpeL._AC_UL320_.jpg,False,True
B0GS633K2Z,Bialetti Lot de 4 tasses à café colorées Joyful Memories en céramique lavables 70 ml,https://www.amazon.com.be/dp/B0GS633K2Z,19.95,,5.0,2,https://m.media-amazon.com/images/I/517A8ziFikL._AC_UL320_.jpg,False,True
B06ZYYDGYN,"Bialetti - Moka Express: La Cafetière Expresso Iconique Pour Sources De Chaleur, Pour Du Vrai Café Italien, 3 Tasses Moka Percolateur (130 Ml), Aluminium, Noir",https://www.amazon.com.be/dp/B06ZYYDGYN,23.49,,4.6,132,https://m.media-amazon.com/images/I/71cQb7iaMOL._AC_UL320_.jpg,False,False
B0GPFHMZM4,Cafetière Bialetti Moka Rainbow Dolce Far Niente 3 Tasses Bleue avec Citrons en Aluminium 130 ml Manuelle Préparation de Café Expresso,https://www.amazon.com.be/dp/B0GPFHMZM4,35.95,,4.8,7,https://m.media-amazon.com/images/I/51ZQiRa4WUL._AC_UL320_.jpg,False,False
B0BGLHDRB9,"Bialetti Fiammetta Induction Cafetière, Aluminium, Steel, Rouge, 4 tasses",https://www.amazon.com.be/dp/B0BGLHDRB9,41.51,,4.5,53,https://m.media-amazon.com/images/I/61QfOcmbYaL._AC_UL320_.jpg,False,False
B09QT54YBC,"Bialetti Mini Express Induction Cafetière, aluminium, noir, 2 tasses",https://www.amazon.com.be/dp/B09QT54YBC,31.89,55.96,4.2,756,https://m.media-amazon.com/images/I/51Gq34dXpVL._AC_UL320_.jpg,False,False
B09TG2S77S,"Bialetti Pièces de rechange, comprend 3 joints et 1 plaque, compatibles avec Moka Express, Flammetta, Break, Happy, Dama, Moka Melody, Alpina, Moka Timer et Rainbow (3/4 tasses)",https://www.amazon.com.be/dp/B09TG2S77S,6.49,7.49,4.5,63,https://m.media-amazon.com/images/I/61bAdxwCrRL._AC_UL320_.jpg,False,False
B0GPFVQ3SV,"Cafetière Bialetti Moka Rainbow Amore Mio 3 Tasses, Rouge à cerises, aluminium, 130 ml, préparation manuelle de café expresso",https://www.amazon.com.be/dp/B0GPFVQ3SV,35.95,,4.6,15,https://m.media-amazon.com/images/I/41R6r+V4FyL._AC_UL320_.jpg,False,False
B07NW7XFP3,Bialetti Bocal à café Moka 250 g (avec bouchon) en verre,https://www.amazon.com.be/dp/B07NW7XFP3,18.09,,4.7,36,https://m.media-amazon.com/images/I/714Gjwdi91L._AC_UL320_.jpg,False,False
B0DBHNFQMF,"Bialetti Lot de 2 tasses et 2 soucoupes Bridgerton, porcelaine, 80 ml",https://www.amazon.com.be/dp/B0DBHNFQMF,28.69,358.63,4.4,1,https://m.media-amazon.com/images/I/81Ib1RSPxAL._AC_UL320_.jpg,False,False
B0D31PSYFK,"Bialetti Whipper, réglable sur 3 niveaux, double fouet, charge USB, acier inoxydable",https://www.amazon.com.be/dp/B0D31PSYFK,26.80,,4.2,442,https://m.media-amazon.com/images/I/51hpVIGtA7L._AC_UL320_.jpg,False,False
B08L3TM6H5,"Bialetti Six tasses empilables, multicolore, porcelaine",https://www.amazon.com.be/dp/B08L3TM6H5,23.03,3.84,4.6,13,https://m.media-amazon.com/images/I/51Jbz1K52uL._AC_UL320_.jpg,False,False
B0CWNYL15H,Cafetière italienne Bialetti Moka Express 0005327 3 Tasses D et G Rouge,https://www.amazon.com.be/dp/B0CWNYL15H,85.90,,4.4,24,https://m.media-amazon.com/images/I/51rxnGq6J5L._AC_UL320_.jpg,False,False
B091H53NH6,"Bialetti Moka Électricité, 2 Tasses, Aluminium",https://www.amazon.com.be/dp/B091H53NH6,51.92,80.48,4.4,24,https://m.media-amazon.com/images/I/610CeEJgosL._AC_UL320_.jpg,False,False
B0DBHLTH1Q,"Bialetti Moka Express Bridgerton 6 tasses, Poignée antibrûlure, Ne convient pas à l’induction, 6 tasses (270ml), Aluminium",https://www.amazon.com.be/dp/B0DBHLTH1Q,54.55,,4.6,971,https://m.media-amazon.com/images/I/810z4EEURgL._AC_UL320_.jpg,False,False
B008FOF86E,"Bialetti - Moka Express Alpina: La Cafetière Expresso Classique, La Cafetière Moka 3 Tasses (130 Ml), Aluminium, Vert",https://www.amazon.com.be/dp/B008FOF86E,33.38,35.90,4.7,41,https://m.media-amazon.com/images/I/51ztr9kI8HL._AC_UL320_.jpg,False,False
B0FJ9ZKKV7,"Bialetti Moka Express Stranger Things – Cafetière italienne 6 tasses (270 ml), bouton musical avec recharge USB-C, non compatible induction, noir",https://www.amazon.com.be/dp/B0FJ9ZKKV7,43.21,61.50,4.5,150,https://m.media-amazon.com/images/I/71BqMSrY2oL._AC_UL320_.jpg,False,False
B08D6Z9ST9,Bialetti Perfetto Moka Café Moulu Classico (Classic) Torréfaction Media 250 gr,https://www.amazon.com.be/dp/B08D6Z9ST9,16.33,65.32,4.5,1,https://m.media-amazon.com/images/I/7173EcOnvqL._AC_UL320_.jpg,False,False
B000SOLUBQ,"Lot de 3 joints et filtres, 1 pièce, 6 tasses à café espresso en aluminium",https://www.amazon.com.be/dp/B000SOLUBQ,6.98,,4.6,35,https://m.media-amazon.com/images/I/51BD1Xr7cjL._AC_UL320_.jpg,False,False
B00V3MQ1PC,"Bialetti Cappuccinatore, Perfect Cream, compatible avec tous les types de plaques de cuisson (y compris induction), passe au lave-vaisselle, 330 ml, acier inoxydable",https://www.amazon.com.be/dp/B00V3MQ1PC,43.68,56.14,4.2,15,https://m.media-amazon.com/images/I/512oqDR9KPL._AC_UL320_.jpg,False,False
B0DBHMTDN7,"Bialetti Mug Bridgerton, porcelaine, 330 ml",https://www.amazon.com.be/dp/B0DBHMTDN7,12.90,39.09,4.5,276,https://m.media-amazon.com/images/I/81+cZe6cghL._AC_UL320_.jpg,False,False
B0BWM4GVPY,"Bialetti New Brikka 2023, Moka pot, la seule cafetière capable de faire un expresso crémeux, 2 tasses, Aluminium et Noir",https://www.amazon.com.be/dp/B0BWM4GVPY,39.32,,4.0,1,https://m.media-amazon.com/images/I/41UY9iQG5LL._AC_UL320_.jpg,False,False
B08D6Z9STB,"Bialetti - Perfetto Moka Intenso: Café Moulu de Torréfaction Intense, Arôme de Noisette, 250g, Sac Avec Valve Préservant Les Arômes",https://www.amazon.com.be/dp/B08D6Z9STB,16.97,67.88,4.3,1,https://m.media-amazon.com/images/I/61z4iudILGL._AC_UL320_.jpg,False,False
B09R7MVL9T,"Bialetti Machine à café à induction Brikka, 4 tasses (170 ml), espresso de style bar, adaptée à tous les types de cuisinières, design élégant, Argent | Convient à tous les types de cuisinières, design élégant",https://www.amazon.com.be/dp/B09R7MVL9T,41.13,74.90,4.1,991,https://m.media-amazon.com/images/I/61zcFnNR8jL._AC_UL320_.jpg,False,False
B0CJNG9DHH,Bialetti - cafetière italienne 3 tasses crème - 0009059,https://www.amazon.com.be/dp/B0CJNG9DHH,54.00,,4.4,459,https://m.media-amazon.com/images/I/51n9VwsyHjL._AC_UL320_.jpg,False,False
B016TLZ0LC,Bialetti - 6093 - Easy Timer - Cafetière Italienne Electrique en Inox - 6 Tasses - Noir/Gris - 270 ml,https://www.amazon.com.be/dp/B016TLZ0LC,91.00,148.90,4.1,12,https://m.media-amazon.com/images/I/61zQsgnsfFL._AC_UL320_.jpg,False,False
B07N6CZX4L,Bialetti Coffee Press Smart Black,https://www.amazon.com.be/dp/B07N6CZX4L,21.95,,4.6,546,https://m.media-amazon.com/images/I/61cEPP0GwuL._AC_UL320_.jpg,False,False
B08BRYT5Y4,Bialetti Lot de 2 tasses mini express 8006363030489,https://www.amazon.com.be/dp/B08BRYT5Y4,31.25,,4.3,13,https://m.media-amazon.com/images/I/71k0xknq-EL._AC_UL320_.jpg,False,False
B0BZWLBV2X,Bialetti Lot de 4 tasses avec soucoupe Espresso Arte,https://www.amazon.com.be/dp/B0BZWLBV2X,38.00,9.50,4.7,3,https://m.media-amazon.com/images/I/41oJZdEh-AL._AC_UL320_.jpg,False,False
B06XKPK294,"Bialetti Tout Crème Aluminium Antiadhésive 160 Ml, Ne convient pas aux étages Induction, Noir, 24,99 x 19,99 x 14,99 cm",https://www.amazon.com.be/dp/B06XKPK294,25.10,44.69,4.4,33,https://m.media-amazon.com/images/I/41q2EEiQwdL._AC_UL320_.jpg,False,False
B07DZ2GRSV,Bialetti Y0TZ103 Pot à lait en porcelaine,https://www.amazon.com.be/dp/B07DZ2GRSV,8.34,,4.6,909,https://m.media-amazon.com/images/I/613zKsryjPL._AC_UL320_.jpg,False,False
B07DYZK5ZP,"Bialetti Y0TZ102 Sucrier (avec couvercle en bambou), Porcelaine",https://www.amazon.com.be/dp/B07DYZK5ZP,10.77,,4.7,15,https://m.media-amazon.com/images/I/61Gv2RGC8kL._AC_UL320_.jpg,False,False
B0FVGHTPL7,Bialetti Mokina 0005411 Mokina Natale 2025 Cafetière demi-tasse en aluminium 40 ml Bleu,https://www.amazon.com.be/dp/B0FVGHTPL7,44.53,,5.0,6,https://m.media-amazon.com/images/I/41E2jV-4-PL._AC_UL320_.jpg,False,False
B0DHB3L4SF,"Bialetti Dolce & Gabbana Moka Express Mediterraneo pour 3 tasses, feu direct (cafetière, expresso makinetta)",https://www.amazon.com.be/dp/B0DHB3L4SF,101.99,,4.1,1,https://m.media-amazon.com/images/I/61-3UnqZZeL._AC_UL320_.jpg,False,False
B0F52ZXPWG,"Easyworkz cafetière expresso Diego en acier inoxydable, cafetière italienne, 12 tasses, 520 ml, cafetière moka, cafetière à induction, noir mat",https://www.amazon.com.be/dp/B0F52ZXPWG,83.53,,4.0,23,https://m.media-amazon.com/images/I/51qfLlLDukL._AC_UL320_.jpg,False,True
B08H4GTFHF,"Easyworkz Diego Machine à expresso sur cuisinière en acier inoxydable cafetière italienne 2-4 tasses 200 ml cafetière à Induction, Noir",https://www.amazon.com.be/dp/B08H4GTFHF,47.50,,4.4,5,https://m.media-amazon.com/images/I/51Oex4+swPL._AC_UL320_.jpg,False,True
B08L7TYYQ8,Easyworkz Pedro Cafetière italienne en acier inoxydable pour cuisinière à induction 300 ml 4-6 tasses,https://www.amazon.com.be/dp/B08L7TYYQ8,48.09,,4.5,342,https://m.media-amazon.com/images/I/51FgjS7waaL._AC_UL320_.jpg,False,True
B08SJKMLCG,Easyworkz Cafetière à piston en acier inoxydable 1000 ml avec poignée souple,https://www.amazon.com.be/dp/B08SJKMLCG,27.30,,4.4,21,https://m.media-amazon.com/images/I/616jYs5JfPL._AC_UL320_.jpg,False,True
B07Q6VR89Q,Groenenberg Cafetiere italienne induction 300ml | Cafetière italienne en acier inox avec filtre réducteur I Moka pour jusqu'à 4 tasses d'espresso,https://www.amazon.com.be/dp/B07Q6VR89Q,39.99,,4.4,27,https://m.media-amazon.com/images/I/61AwZXlhabL._AC_UL320_.jpg,False,True
B0F52FVZQK,"Easyworkz Cafetière expresso Diego en acier inoxydable, cafetière italienne, 6 tasses, 300 ml, cafetière moka, cafetière à induction, noir mat",https://www.amazon.com.be/dp/B0F52FVZQK,59.92,,4.2,29,https://m.media-amazon.com/images/I/51qfLlLDukL._AC_UL320_.jpg,False,True
B09XK7JHSK,"Easyworkz Diego Machine à expresso sur cuisinière en acier inoxydable cafetière italienne 10-12 tasses 520 ml cafetière à Induction, Noir",https://www.amazon.com.be/dp/B09XK7JHSK,69.99,,4.4,5,https://m.media-amazon.com/images/I/51Oex4+swPL._AC_UL320_.jpg,False,True
B0FJ9VLMPP,"Bialetti Set Mini Express Stranger Things, 2 verres thermosensibles en céramique inclus, changement de couleur, ne convient pas à l'induction, noir, 2 tasses",https://www.amazon.com.be/dp/B0FJ9VLMPP,44.20,,4.7,50,https://m.media-amazon.com/images/I/61Ny5KsyJ0L._AC_UL320_.jpg,False,False
B088TQPL45,"Bialetti MINI EXPRESS kit Magrite | sen (80 ml), rouge, aluminium",https://www.amazon.com.be/dp/B088TQPL45,43.73,,4.4,11,https://m.media-amazon.com/images/I/71+HfQCPjiL._AC_UL320_.jpg,False,False
B0DHFRT4NN,"Bialetti Dolce & Gabbana Mokka Express Blue Mediterraneo pour 6 tasses, feu direct (cafetière, expresso makinetta)",https://www.amazon.com.be/dp/B0DHFRT4NN,99.62,,4.4,29,https://m.media-amazon.com/images/I/51WBUlIRv5L._AC_UL320_.jpg,False,False
B01D1CL2BO,"Bialetti Joint et filtre – Moka/Dama (2 tasses), aluminium, couleur blanche (0800002)",https://www.amazon.com.be/dp/B01D1CL2BO,5.96,6.48,4.5,28,https://m.media-amazon.com/images/I/61bwoH-+sGL._AC_UL320_.jpg,False,False
B0FJ9SM388,"Bialetti Moka Express Stranger Things 3 Tasses, Bouton Musical avec Charge USB C, Ne convient pas à Induction, 3 Tasses (130 ml), Noir | USB C, ne convient pas pour induction, 3 tasses (130 ml), noir",https://www.amazon.com.be/dp/B0FJ9SM388,46.37,59.72,4.5,202,https://m.media-amazon.com/images/I/71t98A3IzvL._AC_UL320_.jpg,False,False
B018X8X1R4,Bialetti Moka Timer Entièrement automatique Cafetière moka électrique,https://www.amazon.com.be/dp/B018X8X1R4,85.99,125.90,4.2,13,https://m.media-amazon.com/images/I/61zQsgnsfFL._AC_UL320_.jpg,False,False
B0DPND1NBS,"Bialetti Moka Express Squid Game© 6 tasses, poignée anti-brûlure, non adaptée à l'induction, 270 ml, aluminium",https://www.amazon.com.be/dp/B0DPND1NBS,33.77,,4.4,76,https://m.media-amazon.com/images/I/61XrnZkzJFL._AC_UL320_.jpg,False,False
B0GPFQ82P5,"Cafetière italienne Bialetti Rainbow Moka, verte, 3 tasses, en aluminium, manuelle, design classique",https://www.amazon.com.be/dp/B0GPFQ82P5,32.90,,5.0,3,https://m.media-amazon.com/images/I/51kxoHU4sNL._AC_UL320_.jpg,False,False
B00SPD35SI,"Bialetti Caffè d'Italia Roma, Capsule Espresso, Gusto Intenso, 16 Capsule",https://www.amazon.com.be/dp/B00SPD35SI,15.98,1.00,4.5,37,https://m.media-amazon.com/images/I/71Bmoof8c5L._AC_UL320_.jpg,False,False
B06ZXSY3H5,"Bialetti Nuovo Elegance 30cl Milk Pitcher 30 cl, Bollilatte, Acciaio, Inossidabile, Argent",https://www.amazon.com.be/dp/B06ZXSY3H5,12.09,14.90,4.6,720,https://m.media-amazon.com/images/I/717QCe3TzpL._AC_UL320_.jpg,False,False
B09TFZ1HHJ,"Bialetti Doseur à café Dosa café, Noir",https://www.amazon.com.be/dp/B09TFZ1HHJ,24.88,,4.4,747,https://m.media-amazon.com/images/I/71Rfv2KNKiL._AC_UL320_.jpg,False,False
B0F63TMFX6,Lot de 4 verres,https://www.amazon.com.be/dp/B0F63TMFX6,34.32,,4.5,5,https://m.media-amazon.com/images/I/41vVthl1liL._AC_UL320_.jpg,False,False
B07G4G9X42,"Bialetti Lot de 2 Tasses Expresso institutionnelles (avec Soupe), Verre, 2 unités, 75 ML, Transparent",https://www.amazon.com.be/dp/B07G4G9X42,11.04,5.52,4.6,327,https://m.media-amazon.com/images/I/61hNJTZFROL._AC_UL320_.jpg,False,False
B07NW7XFPS,"Bialetti Milk Frother Électrique, Mousseur à lait pour Cappuccino, Capacité 150 ml Cappuccino O 300 ml Lait chaud, blanc",https://www.amazon.com.be/dp/B07NW7XFPS,64.47,72.90,4.2,1,https://m.media-amazon.com/images/I/41yj0thsBzL._AC_UL320_.jpg,False,False
B06XKWKZWG,"Bialetti - Moulin à café manuel DCDESIGN03 (avec ajusteur de degré de mouture du café), 1/3/6 tasses, noir",https://www.amazon.com.be/dp/B06XKWKZWG,29.60,,3.2,393,https://m.media-amazon.com/images/I/61V0RtabBwL._AC_UL320_.jpg,False,False
B0BXNSQQRP,Bialetti - Set de 4 tasses à expresso empilables italia avec support,https://www.amazon.com.be/dp/B0BXNSQQRP,26.74,6.69,4.0,2,https://m.media-amazon.com/images/I/51V4b6VFRBL._AC_UL320_.jpg,False,False
B072VK3XQK,"Bialetti Rainbow Caffettiera Colorata, Alluminio, Verde, 3 Tasses | N °",https://www.amazon.com.be/dp/B072VK3XQK,28.90,,4.4,1,https://m.media-amazon.com/images/I/51YdLKMfteL._AC_UL320_.jpg,False,True
B07SRYQ6J2,Bialetti 0005650 La Mokina Tricolore cafetière 1/2 Tasse Demi Tasse,https://www.amazon.com.be/dp/B07SRYQ6J2,28.90,,5.0,1,https://m.media-amazon.com/images/I/51z26CD9lIL._AC_UL320_.jpg,False,False
B07BNL7GWC,"Bialetti Lot de 4 tazzine moka carosel tasses à petit-déjeuner, multicolore, unique, 4",https://www.amazon.com.be/dp/B07BNL7GWC,36.72,9.18,4.5,185,https://m.media-amazon.com/images/I/61I-nJJTcvL._AC_UL320_.jpg,False,False
B0FNDT7LJ9,"Bialetti Moka Express Omino Icône Limited Edition (Silver, 1 tasse)",https://www.amazon.com.be/dp/B0FNDT7LJ9,41.08,,5.0,2,https://m.media-amazon.com/images/I/61yow4ur5WL._AC_UL320_.jpg,False,False
B096BPJDT7,"Bialetti Super, Machine à café Espresso pour capsules en aluminium, 1200 W, blanc",https://www.amazon.com.be/dp/B096BPJDT7,70.99,,4.3,301,https://m.media-amazon.com/images/I/717aevQigQS._AC_UL320_.jpg,False,False
B07PQMWFSW,Bialetti Tasses Tasse Cappuccino,https://www.amazon.com.be/dp/B07PQMWFSW,15.02,,4.5,450,https://m.media-amazon.com/images/I/71uzg2iqQwL._AC_UL320_.jpg,False,False
B07DZ1M9KX,Bialetti Tasses Tasse Moka,https://www.amazon.com.be/dp/B07DZ1M9KX,9.99,,4.6,743,https://m.media-amazon.com/images/I/511imkdy2UL._AC_UL320_.jpg,False,False
B00ERSJ33G,Bialetti Joint pour cafetière expresso 3 tasses 3 x joints + passoire,https://www.amazon.com.be/dp/B00ERSJ33G,7.88,,4.6,623,https://m.media-amazon.com/images/I/614aN8HyCTL._AC_UL320_.jpg,False,False
B0CJNHT3WY,Bialetti MCPRO001 Moulin à café manuel en alliage d'acier Noir,https://www.amazon.com.be/dp/B0CJNHT3WY,54.68,63.89,4.1,224,https://m.media-amazon.com/images/I/41s+pMUllYL._AC_UL320_.jpg,False,False
B09YYX5WGY,"Bialetti Tasses octogonales, porcelaine, noir-or rose, 75 unités",https://www.amazon.com.be/dp/B09YYX5WGY,26.10,,4.5,1,https://m.media-amazon.com/images/I/412ezgQWMJL._AC_UL320_.jpg,False,False
B01FDGOKJW,Bialetti Y0TZ500 Set de 6 Bicchierinis Céramique Multicolore 0.09L,https://www.amazon.com.be/dp/B01FDGOKJW,25.81,4.30,4.8,745,https://m.media-amazon.com/images/I/61CsVFiOHUL._AC_UL320_.jpg,False,False
B09X628NXL,Bialetti OMINO Lot de 4 cuillères à café en métal Multicolore,https://www.amazon.com.be/dp/B09X628NXL,10.58,2.65,4.8,197,https://m.media-amazon.com/images/I/41jD5nqFsRL._AC_UL320_.jpg,False,False
B09SS65KBJ,"Bialetti Pièces de rechange, comprend 1 joint et 1 plaquette, compatibles avec Venus, Kitty, Musa et Class, 10 tasses",https://www.amazon.com.be/dp/B09SS65KBJ,5.34,,4.4,381,https://m.media-amazon.com/images/I/618P8+BhaOL._AC_UL320_.jpg,False,False
B0CWLKN1SF,"Bialetti Doseur à café Dosa café, Noir Et Blanc",https://www.amazon.com.be/dp/B0CWLKN1SF,27.68,,4.3,205,https://m.media-amazon.com/images/I/61LM4j8QbeL._AC_UL320_.jpg,False,False
B0F63RBVY5,Bialetti Lot de 4 tasses,https://www.amazon.com.be/dp/B0F63RBVY5,37.34,40.99,3.9,29,https://m.media-amazon.com/images/I/51OHxyDOKXL._AC_UL320_.jpg,False,False
B00JB66CJC,"Bialetti 0004430 Montalatte Elettrico, capacité 240 ml, 500W, 1 tasse Acier inoxydable, Argent/Noir",https://www.amazon.com.be/dp/B00JB66CJC,62.90,,4.2,4,https://m.media-amazon.com/images/I/51xM47uv8sL._AC_UL320_.jpg,False,False
B00GU747UG,"Bialetti 3240 Caffettiera Spare Glass 1 Litro 8 Tazze, Trasparente, Altro",https://www.amazon.com.be/dp/B00GU747UG,20.96,,4.1,422,https://m.media-amazon.com/images/I/41z0urX79xL._AC_UL320_.jpg,False,False
B07NDF2CYB,"Bialetti Cafetière Dama Pure Ice - 3 tasses - Ne convient pas à induction, 3 tasses (159 ml), aluminium",https://www.amazon.com.be/dp/B07NDF2CYB,35.10,,4.1,198,https://m.media-amazon.com/images/I/61Icqeb4YKL._AC_UL320_.jpg,False,False
B0D9YHZ8XK,Bialetti Esperto Grani Intenso caff? en grani 1 kg,https://www.amazon.com.be/dp/B0D9YHZ8XK,24.20,,4.3,206,https://m.media-amazon.com/images/I/51whDFOCz3L._AC_UL320_.jpg,False,False
B07QX7C6HZ,"Bialetti To Go Bouteille Thermique avec Couvercle-Tasse, à Double Paroi, Garde au Chaud pendant 12 heures et au Froid pendant 24 heures, Capacité 460 ml, Acier, Rouge",https://www.amazon.com.be/dp/B07QX7C6HZ,15.82,,4.3,14,https://m.media-amazon.com/images/I/51LH-zcWcnL._AC_UL320_.jpg,False,False
B096BNYWJS,"Bialetti Électrique, Machine à café Espresso, Fonctionne exclusivement avec Capsules Bialetti, Rouge",https://www.amazon.com.be/dp/B096BNYWJS,73.60,,4.2,192,https://m.media-amazon.com/images/I/71H8ILKogvS._AC_UL320_.jpg,False,False
B0F66VJ4YD,Bialetti Lot de 6 tasses empilables,https://www.amazon.com.be/dp/B0F66VJ4YD,42.22,,4.3,18,https://m.media-amazon.com/images/I/51Pq3qdbDwL._AC_UL320_.jpg,False,False
B0FJ9WZ15D,"Bialetti Lot de 6 tasses empilables Stranger Things, Thermo Sensibles, changent de couleur avec la chaleur, sans lave-vaisselle, 80 ml chacun, noir",https://www.amazon.com.be/dp/B0FJ9WZ15D,34.11,5.69,4.2,125,https://m.media-amazon.com/images/I/61slSMTPDAL._AC_UL320_.jpg,False,False
B08BR86LR3,"Bialetti New Brikka, Moka pot, la seule cafetière capable de faire un expresso crémeux, 2 tasses (100 ml), Aluminium et Noir",https://www.amazon.com.be/dp/B08BR86LR3,59.06,,4.2,78,https://m.media-amazon.com/images/I/41eD35598vL._AC_UL320_.jpg,False,False
B0DZXDYSRF,"Bialetti Gobelet à café noir mat monogramme en céramique, capacité 90 ml",https://www.amazon.com.be/dp/B0DZXDYSRF,12.99,,4.7,25,https://m.media-amazon.com/images/I/41Tw2W4ggML._AC_UL320_.jpg,False,False
B09SS274NX,"Bialetti Pièces de rechange, comprend 1 joint et 1 plaque, compatibles avec Venus, Kitty, Musa et Class (6 tasses)",https://www.amazon.com.be/dp/B09SS274NX,9.93,,4.4,369,https://m.media-amazon.com/images/I/61ZOo8cbTjL._AC_UL320_.jpg,False,False
B086V2F6HN,"Cafetière Bialetti BIA290493 Mokina, 1/2 tasse",https://www.amazon.com.be/dp/B086V2F6HN,25.65,,4.7,4,https://m.media-amazon.com/images/I/610+kU3LuJL._AC_UL320_.jpg,False,False
B0F1YJ2BK7,"Bialetti Café entier en grains de café torréfié italien, compatible avec les machines à expresso Bean to Cup et à expresso, riche saveur de noisette, idéal pour les amateurs de café (1 000 g, noisette",https://www.amazon.com.be/dp/B0F1YJ2BK7,35.00,,4.4,47,https://m.media-amazon.com/images/I/71liinF4qEL._AC_UL320_.jpg,False,False
B088TQSY25,"Bialetti - Mini Express Lichtenstein : Moka Set comprenant une cafetière 2 tasses (85 g), jaune, aluminium",https://www.amazon.com.be/dp/B088TQSY25,46.80,,4.4,3,https://m.media-amazon.com/images/I/71sQPyg8+GL._AC_UL320_.jpg,False,False
B0CJNGV8PV,"Bialetti Moka Exclusive, crème, pour 6 tasses, pour utilisation directe sur le feu (cafetière, cafetière expresso, moca)",https://www.amazon.com.be/dp/B0CJNGV8PV,72.47,,3.8,32,https://m.media-amazon.com/images/I/51Q2vnJDCsL._AC_UL320_.jpg,False,False
B0DPNDTHPM,"Bialetti Moka Express Squid Game© 3 tasses, poignée anti-brûlure, ne convient pas à l'induction, 130 ml, aluminium",https://www.amazon.com.be/dp/B0DPNDTHPM,31.10,,4.5,1,https://m.media-amazon.com/images/I/51MaOFPPooL._AC_UL320_.jpg,False,False
B08L7W4NWN,Easyworkz Pedro Cafetière italienne en acier inoxydable pour cuisinière à induction 200 ml 2-3 tasses,https://www.amazon.com.be/dp/B08L7W4NWN,41.59,,4.3,304,https://m.media-amazon.com/images/I/51FgjS7waaL._AC_UL320_.jpg,False,True
B08SJLCDJ5,Easyworkz Cafetière à piston en acier inoxydable 350 ml avec poignée souple,https://www.amazon.com.be/dp/B08SJLCDJ5,21.74,,4.4,21,https://m.media-amazon.com/images/I/61b-5lJEeeL._AC_UL320_.jpg,False,True
B0GCMJ2WFP,"Machine à Café Portable, 3 en 1 Cafetière Expresso avec Support et Sac, Batterie Rechargeable 7500mAh, Compatible Capsules et Café Moulu, Pour Voyage, Camping, Voiture, Bureau(Blanche)",https://www.amazon.com.be/dp/B0GCMJ2WFP,69.99,,3.6,31,https://m.media-amazon.com/images/I/71i-trhKKKL._AC_UL320_.jpg,False,True
B0FKYYZDWN,SANQIAHOME Cafetière turque en acier inoxydable robuste de 720 ml avec bec verseur et couvercle,https://www.amazon.com.be/dp/B0FKYYZDWN,20.50,,4.5,114,https://m.media-amazon.com/images/I/611mZpGVLGL._AC_UL320_.jpg,False,True
B09XCJWPKW,Easyworkz Diego Machine à expresso sur cuisinière en acier inoxydable cafetière italienne 10-12 tasses 520 ml cafetière à Induction,https://www.amazon.com.be/dp/B09XCJWPKW,71.63,,4.4,5,https://m.media-amazon.com/images/I/51M3EKH0agL._AC_UL320_.jpg,False,True
B06XFMJZL4,VeoHome - Cafetière à Piston 1 Litre - Incassable et Garde Le café Chaud Longtemps grâce à sa Double Coque INOX…,https://www.amazon.com.be/dp/B06XFMJZL4,39.97,,4.7,39,https://m.media-amazon.com/images/I/71xY5t7ar4L._AC_UL320_.jpg,False,True
B0D49H7WVM,3 Pieces Rubber Gasket with Coffee Filter for 2 Cup is suitable for Bialetti Moka Italian Coffee Makers - Warranty 5 Years - MADE IN ITALY - ONIX TECH,https://www.amazon.com.be/dp/B0D49H7WVM,9.89,,3.9,18,https://m.media-amazon.com/images/I/71LwzNtPR0L._AC_UL320_.jpg,False,True
B0DPND2KRH,"Bialetti Camp Mug Squid Game©, 420 ml, acier inoxydable, double paroi",https://www.amazon.com.be/dp/B0DPND2KRH,11.92,,4.6,66,https://m.media-amazon.com/images/I/51lbR+PmMfL._AC_UL320_.jpg,False,False
B08X4X26GL,"Bialetti DCXIN00016 Bouteille Thermica, Fuchsia",https://www.amazon.com.be/dp/B08X4X26GL,15.97,,4.6,558,https://m.media-amazon.com/images/I/61h9mmHNXAL._AC_UL320_.jpg,False,False
B01IFC9RXK,Bialetti Y0TZ502 Set de 6 Bicchierinis Céramique Blanc,https://www.amazon.com.be/dp/B01IFC9RXK,28.90,4.82,4.6,149,https://m.media-amazon.com/images/I/41O-dHAEaWL._AC_UL320_.jpg,False,False
B08PYZBRWG,"Bialetti - Le set Mini Express Kandisky Moka contient une machine à café pour 2 tasses (90 ml), noir, aluminium",https://www.amazon.com.be/dp/B08PYZBRWG,34.28,,4.2,625,https://m.media-amazon.com/images/I/61pjEtgM4UL._AC_UL320_.jpg,False,False
B0GDVPGFHY,Bialetti Lot de 2 tasses à café + 2 soucoupes ciel étoilé bleu ceruleo lune et soleil,https://www.amazon.com.be/dp/B0GDVPGFHY,24.99,12.50,,3,https://m.media-amazon.com/images/I/71BcswFssoL._AC_UL320_.jpg,False,False
B0DPNCPHBS,"Bialetti Bouteille thermique Squid Game©, 600 ml, acier inoxydable, double paroi",https://www.amazon.com.be/dp/B0DPNCPHBS,23.78,39.63,4.6,164,https://m.media-amazon.com/images/I/51YP4RsnyoL._AC_UL320_.jpg,False,False
B07TN383YD,"Bialetti To Go Gourde Isotherme, Double Paroi, Garde Chaud 12H et Froid 24H, Acier, Capacité 500 ml, Gris, Gris Foncé",https://www.amazon.com.be/dp/B07TN383YD,29.27,,4.4,955,https://m.media-amazon.com/images/I/41NUPp9p9IL._AC_UL320_.jpg,False,False
B0DPG56M2K,M.CAFFE' CAPSULE GIOIA PLUS ROSSO + 48 CAPS,https://www.amazon.com.be/dp/B0DPG56M2K,82.79,,3.9,68,https://m.media-amazon.com/images/I/612VuwKRP1L._AC_UL320_.jpg,False,False
B000KG8FT2,Bialetti - 109743-3 Joints + 1 Grille alu micro-filtre Pour cafetière facettes alu- 6 Tasses,https://www.amazon.com.be/dp/B000KG8FT2,7.99,,4.6,79,https://m.media-amazon.com/images/I/816FKM3udNL._AC_UL320_.jpg,False,False
B016RSP4LI,64 Capsules I Café D'Italia Bialetti NAPOLI,https://www.amazon.com.be/dp/B016RSP4LI,27.99,0.44,4.4,192,https://m.media-amazon.com/images/I/51k-xpB8agL._AC_UL320_.jpg,False,False
B003BVV9SM,Bialetti Lot de 3 joints avec 1 filtre Moka 4 tasses Aluminium Blanc,https://www.amazon.com.be/dp/B003BVV9SM,7.16,,5.0,2,https://m.media-amazon.com/images/I/61Obto4TaGL._AC_UL320_.jpg,False,False
B00H7B1FQI,Bialetti: Two Pair Napoli + Roma Set of 64 Capsules * (2+2) * by Bialetti,https://www.amazon.com.be/dp/B00H7B1FQI,36.99,0.58,4.5,171,https://m.media-amazon.com/images/I/71Wh8ChCdFL._AC_UL320_.jpg,False,False
B0F66J2858,Bialetti Lot de 2 mug,https://www.amazon.com.be/dp/B0F66J2858,24.96,,4.2,9,https://m.media-amazon.com/images/I/31EFDrUh7VL._AC_UL320_.jpg,False,False
B00CASNDEA,BIALETTI – Café Milano - 16 Capsules Mokespresso « I Caffè d’Italia » - Café Doux - 100% Arabica,https://www.amazon.com.be/dp/B00CASNDEA,13.49,0.84,4.6,11,https://m.media-amazon.com/images/I/61e0J0fTVPL._AC_UL320_.jpg,False,False
B00ERSMPEA,Bialetti Joint pour cafetière expresso 9 tasses 3 x joints passoire,https://www.amazon.com.be/dp/B00ERSMPEA,8.86,,4.5,1,https://m.media-amazon.com/images/I/31smMetoh4L._AC_UL320_.jpg,False,False
B01G96OA5O,Bialetti GASKET AND FILTER SPARE FOR COFFEE MOKINA 1/2 CUP,https://www.amazon.com.be/dp/B01G96OA5O,6.99,,4.5,19,https://m.media-amazon.com/images/I/61vgVwTf09L._AC_UL320_.jpg,False,False
B07TWNC44X,Bialetti Tasses Mug Bonhomme Drapeau Italien,https://www.amazon.com.be/dp/B07TWNC44X,14.90,17.67,4.7,4,https://m.media-amazon.com/images/I/61qDoRFlYlL._AC_UL320_.jpg,False,False
B004Z18OX0,Bialetti Joint uniquement pour cafetière Moka Dama 18 tasses,https://www.amazon.com.be/dp/B004Z18OX0,12.76,,4.6,103,https://m.media-amazon.com/images/I/41XDEMNcADL._AC_UL320_.jpg,False,False
B001NPE5JS,"Bialetti Set Recharge 1 Entonnoir pour Cafetière Italienne, 12 tasses, Aluminium",https://www.amazon.com.be/dp/B001NPE5JS,11.98,,4.6,21,https://m.media-amazon.com/images/I/51UqMIx+xiL._AC_UL320_.jpg,False,False
B09RSQMKV7,"Bialetti Pièces de rechange, comprend 1 filtre d'entonnoir, compatible avec Moka Express, Flamme, Break, Happy, Dama, Mini Express et Rainbow (1 tasse)",https://www.amazon.com.be/dp/B09RSQMKV7,9.03,,4.5,223,https://m.media-amazon.com/images/I/61DDMMaES4L._AC_UL320_.jpg,False,False
B09YM53YL9,Valve pour machine à café Bialetti,https://www.amazon.com.be/dp/B09YM53YL9,8.90,,4.4,204,https://m.media-amazon.com/images/I/41g8-pnSYiL._AC_UL320_.jpg,False,False
B08L8CF97F,"Bialetti Esperto g ani, g ains de Café, Goût Délicat, 500 g les haricots entiers sont arrivés.",https://www.amazon.com.be/dp/B08L8CF97F,16.51,,4.2,303,https://m.media-amazon.com/images/I/71H2J6XHcFL._AC_UL320_.jpg,False,False
B09T9KK7BH,"Bialetti Pièces de rechange, comprend 3 joints et 1 plaque, compatibles avec Moka Express 12 tasses",https://www.amazon.com.be/dp/B09T9KK7BH,11.44,,4.4,291,https://m.media-amazon.com/images/I/51nWFQgRMzL._AC_UL320_.jpg,False,False
B000FDL588,"Bialetti Express Moka Pot, 12 bonnets, aluminium argenté",https://www.amazon.com.be/dp/B000FDL588,,,4.6,25,https://m.media-amazon.com/images/I/61nwZOnJy3L._AC_UL320_.jpg,False,False
B09T8RPCS1,"Bialetti Ricambi, Includes 1 Funnel Filter, Compatible with Moka Express, Fiammetta, Break, Happy, DAMA, Moka Melody Sport, Alpina, Moka Timer and Rainbow (3 Cups)",https://www.amazon.com.be/dp/B09T8RPCS1,8.54,,4.6,284,https://m.media-amazon.com/images/I/51iDQytfOgL._AC_UL320_.jpg,False,False
B0BFBJBK69,"Bialetti Set 2 Verre Double Wall Firenze, 80ml, Isolation Thermique, Verre Borosilicaté",https://www.amazon.com.be/dp/B0BFBJBK69,,,4.5,148,https://m.media-amazon.com/images/I/410FAcSZvBL._AC_UL320_.jpg,False,False
B09T9XTQ62,"Bialetti Pièces de rechange, comprend 1 filtre d'entonnoir, compatible avec Moka Express, Flamme, Break, Dame, Moka Timer et Rainbow (6 tasses) | iammetta, Break, Dama, Moka Timer et Rainbow (6 tasses)",https://www.amazon.com.be/dp/B09T9XTQ62,12.88,,4.5,424,https://m.media-amazon.com/images/I/51iDQytfOgL._AC_UL320_.jpg,False,False
B071QYK6BK,"Bialetti Nuovo Milk Pitcher Elegance Bollilatte, Acciaio Inox, Argento",https://www.amazon.com.be/dp/B071QYK6BK,,,4.5,636,https://m.media-amazon.com/images/I/41sL8ECTDqL._AC_UL320_.jpg,False,False
B07TXR9XJS,"Bialetti Y0TZ021 Lot de 2 tasses Moka Cœur (avec soucoupes en porcelaine, rouge/blanc",https://www.amazon.com.be/dp/B07TXR9XJS,23.48,,4.4,29,https://m.media-amazon.com/images/I/71j0ZMoyJeL._AC_UL320_.jpg,False,False
B089X4SR1Y,CAPSULE CAFFE GUSTO NAPOLI 72PZ MULTIPACK,https://www.amazon.com.be/dp/B089X4SR1Y,59.51,0.41,4.5,313,https://m.media-amazon.com/images/I/51x8soIiC5L._AC_UL320_.jpg,False,False
B06XRXF74W,Guarnizione Ricambi Bialetti in gomma per moka 18 tazze,https://www.amazon.com.be/dp/B06XRXF74W,10.72,,4.4,33,https://m.media-amazon.com/images/I/41XDEMNcADL._AC_UL320_.jpg,False,False
B08C1L3V39,Groenenberg Cafetiere italienne 200ml | Cafetière italienne induction en acier inox avec filtre réducteur I Moka pour jusqu'à 4 tasses d'espresso,https://www.amazon.com.be/dp/B08C1L3V39,35.99,,4.4,878,https://m.media-amazon.com/images/I/81QmUkhqjML._AC_UL320_.jpg,False,False
B0D47HL5H9,Filtre Cafe 2 Tasse pour Bialetti Mokona avec une Dimension Ø 60 mm h 22 mm Barista Accessoires adaptés à la Porte Filtre à Café - Garantie de 5 Ans - ONIX TECH,https://www.amazon.com.be/dp/B0D47HL5H9,10.89,,4.2,14,https://m.media-amazon.com/images/I/71wczrRzI2L._AC_UL320_.jpg,False,True
B07NJJBL9J,Cafetière Severin KA 4835 KA 4835 Nombre de tasse: 8 noir 1 pc(s),https://www.amazon.com.be/dp/B07NJJBL9J,38.85,40.32,4.0,209,https://m.media-amazon.com/images/I/61iZ7xTUo+L._AC_UL320_.jpg,False,True
B0DP7THP93,"KARL HAUSMANN Cafetière Italienne Induction 450 ml - 9 Tasses - Moka En Acier Pour Espresso Et Thé, Cafetière Compatible Induction, Gaz, Électrique Et Vitrocéramique, Finition Acier Brillant",https://www.amazon.com.be/dp/B0DP7THP93,29.99,,2.2,4,https://m.media-amazon.com/images/I/61MMeJvkoUL._AC_UL320_.jpg,False,True
B0DP7S9VJ1,"KARL HAUSMANN Cafetière Italienne 300 ml - 6 Tasses - Moka En Aluminium Pour Espresso Et Thé, Cafetière Pour Gaz, Électrique, Vitrocéramique Et Halogène, Finition Acier Brillant",https://www.amazon.com.be/dp/B0DP7S9VJ1,24.99,,5.0,1,https://m.media-amazon.com/images/I/71Px+bqt6FL._AC_UL320_.jpg,False,True
B08GJ4FBFZ,"Easyworkz Diego Machine à expresso sur cuisinière en acier inoxydable cafetière italienne 4-6 tasses 300 ml cafetière à Induction, Noir",https://www.amazon.com.be/dp/B08GJ4FBFZ,53.94,,4.4,5,https://m.media-amazon.com/images/I/51Oex4+swPL._AC_UL320_.jpg,False,True
B0CCY4C9KN,"MIAMIO - Tasses à espresso empilables en céramique de 80 ml avec soucoupes et support en métal, ensemble de 6 tasses à espresso, tasses à demitasse, latte - Collection Las Palmitas",https://www.amazon.com.be/dp/B0CCY4C9KN,40.99,,4.5,347,https://m.media-amazon.com/images/I/81KFUG9llrL._AC_UL320_.jpg,False,True
B0DP7RN9SY,"KARL HAUSMANN Cafetière Italienne Induction 300 ml - 6 Tasses - Moka En Acier Pour Espresso Et Thé, Cafetière Compatible Induction, Gaz, Électrique Et Vitrocéramique, Finition Acier Brillant",https://www.amazon.com.be/dp/B0DP7RN9SY,28.99,,2.2,4,https://m.media-amazon.com/images/I/61MMeJvkoUL._AC_UL320_.jpg,False,True
B072VMTVFJ,"Bialetti Nuovo Elegance 75cl Milk Pitcher 75 cl, Bollilatte, Acciaio, Inox, Argento",https://www.amazon.com.be/dp/B072VMTVFJ,20.67,,4.6,599,https://m.media-amazon.com/images/I/51lDVLhGW3L._AC_UL320_.jpg,False,False
B08B3HP9PT,Bialetti Industrie Spa Moka Express 2020 Dans Bandeau Tasse 1,https://www.amazon.com.be/dp/B08B3HP9PT,36.98,,4.0,3,https://m.media-amazon.com/images/I/615t-zhUqBL._AC_UL320_.jpg,False,False
B09RQZCP9L,"Bialetti Cafetière Dama Pure Ice, 1 tasses, ne convient pas à l'induction, 1 tasses (67 ml), aluminium",https://www.amazon.com.be/dp/B09RQZCP9L,36.16,,3.9,5,https://m.media-amazon.com/images/I/51UryOPxsBL._AC_UL320_.jpg,False,False
B09T92F2KB,"Bialetti Ricambi, Includes 1 Funnel Filter, Compatible with Moka Express 4 Cups",https://www.amazon.com.be/dp/B09T92F2KB,4.59,6.05,4.4,91,https://m.media-amazon.com/images/I/51daoL9kqBL._AC_UL320_.jpg,False,False
B0C6TBWG2G,"Bialetti Esperto Grani, grains de café, goût intense, 500 g",https://www.amazon.com.be/dp/B0C6TBWG2G,28.02,,4.0,1,https://m.media-amazon.com/images/I/51zaJq03GcL._AC_UL320_.jpg,False,False
B071X985RV,Bialetti La Mokina Cafetière pour 1/2 tasse Demi Tasse Drapeau Italien,https://www.amazon.com.be/dp/B071X985RV,25.94,,4.4,4,https://m.media-amazon.com/images/I/41PUtp1bK2L._AC_UL320_.jpg,False,False
B07KWS262F,Bialetti Lot de 4 tasses à moka Carosello avec soucoupe,https://www.amazon.com.be/dp/B07KWS262F,45.78,,4.3,22,https://m.media-amazon.com/images/I/61Yh9jPB6XL._AC_UL320_.jpg,False,False
B01FVUN6LS,"Bialetti 0800202 Blister Poignée MOKA RESTYLING 3 et 4 Tasses, Plastique, Noir, 12 x 2 x 19 cm",https://www.amazon.com.be/dp/B01FVUN6LS,12.39,,4.2,1,https://m.media-amazon.com/images/I/41W+FiLH21L._AC_UL320_.jpg,False,False
B00GU5L07Q,Bialetti 20003220 Pièces de rechange pour machine à café Transparent,https://www.amazon.com.be/dp/B00GU5L07Q,11.98,,4.2,362,https://m.media-amazon.com/images/I/41fmG3-PWeL._AC_UL320_.jpg,False,False
B0D9YHN283,EXPERTO GRANI CLASSICO 1KG,https://www.amazon.com.be/dp/B0D9YHN283,36.47,,4.4,171,https://m.media-amazon.com/images/I/61rwU6alE0L._AC_UL320_.jpg,False,False
B09XRFLQ3H,"Bialetti Ricambi, Includes 1 Gasket and 1 Plate, Compatible with Moka Express 2 Cups and Moka Induction",https://www.amazon.com.be/dp/B09XRFLQ3H,11.18,,4.5,1,https://m.media-amazon.com/images/I/512lRu15YTL._AC_UL320_.jpg,False,False
B0GS6F6QT9,Bialetti Lot de 4 tasses et assiettes colorées ours joyeux souvenirs en céramique 70 ml lavable,https://www.amazon.com.be/dp/B0GS6F6QT9,29.95,,,,https://m.media-amazon.com/images/I/61CyMOAKxdL._AC_UL320_.jpg,False,False
B01I11NP2Y,"Bialetti 0800006 – Set di 3 guarnizioni + Filtro per caffettiere Italiane da 12 Tazze, Metallo Bianco",https://www.amazon.com.be/dp/B01I11NP2Y,11.99,,4.5,488,https://m.media-amazon.com/images/I/81TLw5fwdyL._AC_UL320_.jpg,False,False
B08NWS3JML,"Bialetti Pièces de rechange, comprend 1 filtre à entonnoir, compatible avec Moka Induction Bialetti 2 tasses",https://www.amazon.com.be/dp/B08NWS3JML,6.04,,3.8,78,https://m.media-amazon.com/images/I/41Fo-H13vvL._AC_UL320_.jpg,False,False
B01M7RDMW0,Bialetti Joint pour cafetière à expresso 6 tasses 3 joints + passoire,https://www.amazon.com.be/dp/B01M7RDMW0,10.43,,4.6,262,https://m.media-amazon.com/images/I/617pn5KowkL._AC_UL320_.jpg,False,False
B0D8T343D3,"Joint d'étanchéité et filtre pour cafetières Bialetti – 3 pièces en aluminium, compatible avec les joints Bialetti pour 4 et 3 tasses, diamètre 6,5/5,4 cm, compatible avec Moka",https://www.amazon.com.be/dp/B0D8T343D3,8.99,,3.5,46,https://m.media-amazon.com/images/I/51YHd-Beg4L._AC_UL320_.jpg,False,False
B09T9F88KT,"Bialetti Pièces de rechange, comprend 1 poignée avec prise compatible avec Moka Express Bialetti 3/4 tasses",https://www.amazon.com.be/dp/B09T9F88KT,9.26,,4.2,3,https://m.media-amazon.com/images/I/51pFR-RMN6L._AC_UL320_.jpg,False,False
B0F66J3ZFR,Bialetti Mini Express,https://www.amazon.com.be/dp/B0F66J3ZFR,39.95,,4.0,1,https://m.media-amazon.com/images/I/41Flvjb8jML._AC_UL320_.jpg,False,False
B09MZPFMQP,"Bialetti Pièces de rechange, comprend 1 joint et 1 plaque, compatibles avec Moka Express 3/4 tasses, Moka Induction, Orge Express et Brikka",https://www.amazon.com.be/dp/B09MZPFMQP,7.78,8.12,4.3,340,https://m.media-amazon.com/images/I/715pX3c05ZL._AC_UL320_.jpg,False,False
B09T91QJB9,"Bialetti Ricambi, Includes 1 Funnel Filter, Compatible with Moka Express, DAMA, Elettrica and Mini Express (2 Cups)",https://www.amazon.com.be/dp/B09T91QJB9,8.51,,4.3,166,https://m.media-amazon.com/images/I/51iDQytfOgL._AC_UL320_.jpg,False,False
B09T93QSFS,"Bialetti Ricambi, avec 1 filtre Funnel compatible avec Moka Express et DAMA (9 tasses)",https://www.amazon.com.be/dp/B09T93QSFS,9.27,,4.6,30,https://m.media-amazon.com/images/I/315ILsuEb-L._AC_UL320_.jpg,False,False
B09T9HDV6F,"Bialetti Pièces de rechange, comprend 1 poignée avec prise compatible avec Moka Express Bialetti 6 tasses",https://www.amazon.com.be/dp/B09T9HDV6F,6.04,,4.4,78,https://m.media-amazon.com/images/I/511PtY39YLL._AC_UL320_.jpg,False,False
B09TQ3CXP2,"Bialetti Ricambi, Includes 1 Funnel Filter, Compatible with Venus, Kitty, Musa (6 Cups)",https://www.amazon.com.be/dp/B09TQ3CXP2,14.48,,4.4,20,https://m.media-amazon.com/images/I/51G6MqdJanL._AC_UL320_.jpg,False,False
B09TQ1XGPC,"Bialetti Pièces de rechange, comprend 1 filtre d'entonnoir, compatible avec Brikka Bialetti 2 tasses",https://www.amazon.com.be/dp/B09TQ1XGPC,14.75,,3.1,13,https://m.media-amazon.com/images/I/41Fo-H13vvL._AC_UL320_.jpg,False,False
B01FD1NQCE,"Bialetti Filtre de rechange uniquement pour Moka/Dama 18 tasses, argenté",https://www.amazon.com.be/dp/B01FD1NQCE,9.61,,4.2,5,https://m.media-amazon.com/images/I/610Pjg3lEkL._AC_UL320_.jpg,False,False
B001NPE5IY,"La Cafetière compatible avec l'entonnoir filtrant Bialetti pour s'adapter - Moka Dama 3 tasses, partie",https://www.amazon.com.be/dp/B001NPE5IY,11.99,,4.6,955,https://m.media-amazon.com/images/I/41D3Ll6nIhL._AC_UL320_.jpg,False,False
3959057598,Bialetti A catalogue /anglais,https://www.amazon.com.be/dp/3959057598,24.00,27.00,3.9,7,https://m.media-amazon.com/images/I/51o+21xBLUL._AC_UL320_.jpg,False,False
B0DP7Q667X,"KARL HAUSMANN Cafetière Italienne 150 ml - 3 Tasses - Moka En Aluminium Pour Espresso Et Thé, Cafetière Pour Gaz, Électrique, Vitrocéramique Et Halogène, Finition Acier Brillant | Moka en Aluminium pour Gaz, Électrique, Vitrocéramique Et Halogène, Finition Acier Brillant",https://www.amazon.com.be/dp/B0DP7Q667X,23.99,,5.0,1,https://m.media-amazon.com/images/I/71uAdbUNxxL._AC_UL320_.jpg,False,True
B0CBHSVRWG,Cafetière Italienne Compacte - Capacité De 50 Ml - Utilisations Multiples - Pour Voyage - Pour L'Extérieur - Bec Verseur Goutte À Goutte - 1 Tasse,https://www.amazon.com.be/dp/B0CBHSVRWG,17.18,,3.0,2,https://m.media-amazon.com/images/I/51Lky-37AQL._AC_UL320_.jpg,False,True
B0DCW1RX5P,Lot de 3 Joint Cafetiere Italienne et 1 Filtres pour Cafetières 1 Tasse avec Code Original 0800001 0800031 pour Bialetti - MADE IN ITALY - ONIX TECH,https://www.amazon.com.be/dp/B0DCW1RX5P,12.89,,4.0,5,https://m.media-amazon.com/images/I/71lw8uvgN9L._AC_UL320_.jpg,False,True
B004LO7CHU,"APS Cafetière en acier inoxydable 10323 avec couvercle à charnière, Ø 8 x 11,5 cm, 0,35 l.",https://www.amazon.com.be/dp/B004LO7CHU,6.99,,2.3,2,https://m.media-amazon.com/images/I/51TeM15vE6L._AC_UL320_.jpg,False,True
B08GJDQH9P,Easyworkz Diego Machine à expresso sur cuisinière en acier inoxydable cafetière italienne 2-4 tasses 200 ml cafetière à Induction,https://www.amazon.com.be/dp/B08GJDQH9P,44.00,54.99,4.4,5,https://m.media-amazon.com/images/I/51M3EKH0agL._AC_UL320_.jpg,False,True
B09T6W8C1V,"Cafetière à expresso à induction, en acier inoxydable, cafetière à moka pour le camping, convient à tous les types de cuisinières, 450 ml (300 ml)",https://www.amazon.com.be/dp/B09T6W8C1V,19.63,,3.4,19,https://m.media-amazon.com/images/I/515S3s7nxkL._AC_UL320_.jpg,False,True
B07BH4FWMD,Bialetti Lot de 48 capsules à expresso noisette,https://www.amazon.com.be/dp/B07BH4FWMD,30.98,0.65,4.6,85,https://m.media-amazon.com/images/I/71Pv8B0kkdL._AC_UL320_.jpg,False,False
B0GZWVWHP8,"BIALETTI Lot de 3 paquets avec 3 joints et 3 plaques filtrantes pour Moka Induction, Orzo Express et Brikka | Choisissez la taille",https://www.amazon.com.be/dp/B0GZWVWHP8,24.90,8.30,,,https://m.media-amazon.com/images/I/51pPKoLDhiL._AC_UL320_.jpg,False,False
B086LRWKGR,"Bialetti Porte-capsule tour en acier avec base pivotante contient jusqu'à 28 capsules, 31 x 10 x 10 cm",https://www.amazon.com.be/dp/B086LRWKGR,22.90,,4.4,279,https://m.media-amazon.com/images/I/81a+RVQ8EHL._AC_UL320_.jpg,False,False
B0F5WT78N6,Bialetti MUG VERT,https://www.amazon.com.be/dp/B0F5WT78N6,18.20,,5.0,1,https://m.media-amazon.com/images/I/31TUxAowC-L._AC_UL320_.jpg,False,False
B0GS6FKKPW,Bialetti Lot de 2 tasses de petit déjeuner collation colorées design avec ours Joyful Memories en céramique 36 cl lavables,https://www.amazon.com.be/dp/B0GS6FKKPW,19.24,,5.0,1,https://m.media-amazon.com/images/I/51vRUKGH7sL._AC_UL320_.jpg,False,False
B08BJBXHLQ,Bialetti NEW VENUS 6TZ Induction marque Bialetti,https://www.amazon.com.be/dp/B08BJBXHLQ,38.00,,,,https://m.media-amazon.com/images/I/51kzxzDkDJL._AC_UL320_.jpg,False,False
B003NT3IAY,Bialetti Caffè d'Italia Ginseng Boîte de 12 capsules,https://www.amazon.com.be/dp/B003NT3IAY,6.75,112.50,3.6,2,https://m.media-amazon.com/images/I/71MVB+RKnWL._AC_UL320_.jpg,False,False
B084BD8VVD,"Bialetti Ouvrir Capsules, Compatible avec Capsules Bialetti en Aluminium (Sépare Capsules en bois)",https://www.amazon.com.be/dp/B084BD8VVD,11.05,,4.6,786,https://m.media-amazon.com/images/I/710+YP-M+cL._AC_UL320_.jpg,False,False
B0BCFVNXBV,1 support BRIKKA 4 tasses marque Bialetti,https://www.amazon.com.be/dp/B0BCFVNXBV,13.23,,4.4,4,https://m.media-amazon.com/images/I/41ofJQaAnnL._AC_UL320_.jpg,False,False
B0H29SL7XL,Bialetti - Sucrier Bridgerton en porcelaine,https://www.amazon.com.be/dp/B0H29SL7XL,19.05,,,,https://m.media-amazon.com/images/I/7100-Edz8pL._AC_UL320_.jpg,False,False
B071D1JBT9,BIALETTI - Cafetière Kitty - 10 tasses - 50cl - Tous Feux dont Induction - Acier Inoxydable,https://www.amazon.com.be/dp/B071D1JBT9,60.40,,4.4,785,https://m.media-amazon.com/images/I/51GHFOehjnL._AC_UL320_.jpg,False,False
B0GM13S2WL,Bialetti – Lot de 4 verres avec anges – Ciel étoilé,https://www.amazon.com.be/dp/B0GM13S2WL,28.39,7.10,,3,https://m.media-amazon.com/images/I/411kqbE7oWL._AC_UL320_.jpg,False,False
B09TQ2LTSF,"Bialetti Pièces de rechange, comprend 1 filtre entonnoir, compatible avec Venus, Kitty, Musa (10 tasses)",https://www.amazon.com.be/dp/B09TQ2LTSF,12.28,,4.1,12,https://m.media-amazon.com/images/I/41uXnMGBSzL._AC_UL320_.jpg,False,False
B0BR87W1B8,Caffè Borbone Mélange Rouge - 100 Capsules - Compatibles avec les Machines a Café de la marque Bialetti*,https://www.amazon.com.be/dp/B0BR87W1B8,44.13,0.44,4.3,2,https://m.media-amazon.com/images/I/51ecUY5QIML._AC_UL320_.jpg,False,False
B002B6YF2U,"Bialetti Set Recharge 1 Manche pour Cafetière Italienne, 9 ou 12 Tasses, Aluminium, Noir",https://www.amazon.com.be/dp/B002B6YF2U,13.90,,4.4,112,https://m.media-amazon.com/images/I/61Xl94-8x7L._AC_UL320_.jpg,False,False
B0GC3WZQYS,"Bialetti Joyful Memories Boîte cadeau de 4 cuillères en acier inoxydable, design italien iconique",https://www.amazon.com.be/dp/B0GC3WZQYS,23.82,5.96,,2,https://m.media-amazon.com/images/I/61B2jlsyGaL._AC_UL320_.jpg,False,False
B000LCOS1E,Bialetti Accessoire 1 Jt + 1 Grille 12T Alu,https://www.amazon.com.be/dp/B000LCOS1E,11.80,,4.6,699,https://m.media-amazon.com/images/I/51p7QGzmkxL._AC_UL320_.jpg,False,False
B09TMM6SQT,"Bialetti Ricambi, Includes 1 Funnel Filter, Compatible with Moka Express 12 Cups",https://www.amazon.com.be/dp/B09TMM6SQT,14.32,,3.9,30,https://m.media-amazon.com/images/I/315ILsuEb-L._AC_UL320_.jpg,False,False
B0DRPLFT24,"BIALETTI Bouilloire, 2,5L Acier | Collection Winter Wonderland, Rouge | Convient aux plans à induction",https://www.amazon.com.be/dp/B0DRPLFT24,18.73,,4.8,4,https://m.media-amazon.com/images/I/41WJkU3p0zL._AC_UL320_.jpg,False,False
B0F1N25BLT,Lollo Caffè Box Capsules compatibles Bialetti* MIscela Classica 100 (100),https://www.amazon.com.be/dp/B0F1N25BLT,26.00,0.26,3.6,6,https://m.media-amazon.com/images/I/51MdOcHSbjL._AC_UL320_.jpg,False,False
B00KOHE898,Joint d=58 912990420 pour Cafetiere,https://www.amazon.com.be/dp/B00KOHE898,5.40,,,3,https://m.media-amazon.com/images/I/51RkJIxifFL._AC_UL320_.jpg,False,False
B009DII7ZA,Bialetti - Filtre économique basket / Funnel - Pièce de rechange adaptée pour machine à café Mukka Express - 1 tasse,https://www.amazon.com.be/dp/B009DII7ZA,22.30,,5.0,5,https://m.media-amazon.com/images/I/31fUxux1rdL._AC_UL320_.jpg,False,False
B09T9BY96N,"Bialetti Ricambi, comprend 1 filtre à entonnoir, compatible avec Moka Orzo Express Bialetti 4 tasses",https://www.amazon.com.be/dp/B09T9BY96N,20.73,,3.5,9,https://m.media-amazon.com/images/I/41G5JWBmJoL._AC_UL320_.jpg,False,False
B000NHUS0M,Bialetti - 0800005 - Joint de rechange + filtre plat - 9 tasses Moka express Dama - Blanc,https://www.amazon.com.be/dp/B000NHUS0M,10.00,,,,https://m.media-amazon.com/images/I/816FFRXLCFL._AC_UL320_.jpg,False,False
B07J6JLW11,"Bosch Electroménager moulin à café TSM6A013B Kitchen, Noir",https://www.amazon.com.be/dp/B07J6JLW11,17.99,19.99,4.6,1,https://m.media-amazon.com/images/I/31QoSl6phYL._AC_UL320_.jpg,False,False
B0C857MYDD,2 Cup Aluminum Espresso Stovetop Moka Pot Express Coffee Maker Percolator Italian Classic Mocha Coffee Machine for Italian and Cuban Cafe Brewing for Home & Camping 100ml 3.3oz,https://www.amazon.com.be/dp/B0C857MYDD,25.99,,4.0,23,https://m.media-amazon.com/images/I/61UB+1UQ2tL._AC_UL320_.jpg,False,False
8804789581,Un sogno di polvere e acqua. Storia della famiglia che ha inventato la Moka,https://www.amazon.com.be/dp/8804789581,19.00,,4.4,10,https://m.media-amazon.com/images/I/61FEtH+Gh1L._AC_UL320_.jpg,False,False
B0B97XWKNX,"Filtre et joint pour cafetière espresso, compatible avec la cafetière espresso Bialetti pour 10 tasses, Ø extérieur 85 mm, 8,5 cm, Ø intérieur 77 mm, 7,7 cm, joint de rechange",https://www.amazon.com.be/dp/B0B97XWKNX,10.17,,4.4,29,https://m.media-amazon.com/images/I/71lfkw43veL._AC_UL320_.jpg,False,False
B0F9W5VW2Z,"lasuroa Filtre avec 3 Joints, Filtre en Aluminium Joint en Silicone Accessoires pour Cafetière Moka Pièces de Rechange pour Bialetti Dama 6 Tasses Venus Musa Kitty 6 Tasses",https://www.amazon.com.be/dp/B0F9W5VW2Z,6.99,1.75,3.8,33,https://m.media-amazon.com/images/I/51HRAp4QMAL._AC_UL320_.jpg,False,False
B0B97ZXSD1,"Filtre et joint pour cafetière espresso, compatible avec la cafetière espresso Bialetti pour 6 tasses, Ø extérieur 72 mm, 7,2 cm, Ø intérieur 64 mm, 6,4 cm, joint de rechange",https://www.amazon.com.be/dp/B0B97ZXSD1,8.66,,4.3,3,https://m.media-amazon.com/images/I/71R0nCpaK9L._AC_UL320_.jpg,False,False
B0BWYXK72C,Cosumy Cafetière à expresso - 4 tasses (200 ml) - compatible induction - acier inoxydable pour tous feux - bois FSC,https://www.amazon.com.be/dp/B0BWYXK72C,25.99,,4.3,637,https://m.media-amazon.com/images/I/71IwO8a80zL._AC_UL320_.jpg,False,True
B0CBKKT71T,Cafetière Moka Double Tête Acier Inoxydable SEAFRONT Mini 2 Tasses Bricolage Italien Conduit Coffee 100ML Express Moka Set avec Cafetière DIY,https://www.amazon.com.be/dp/B0CBKKT71T,29.97,,4.7,4,https://m.media-amazon.com/images/I/51rIsOruFvL._AC_UL320_.jpg,False,True
B0FHJ5D9TN,Ausla Cafetière à Café Italienne pour Cuisinière Cafetière Cubaine pour Cuisinière 150ml en Aluminium avec Excellente Conductivité Thermique pour Amateurs et Débutants (Gradient rose),https://www.amazon.com.be/dp/B0FHJ5D9TN,25.50,,,3,https://m.media-amazon.com/images/I/510RMQ+zAcL._AC_UL320_.jpg,False,True
B0C3Q6DV42,Cafetière à Expresso Acier Inoxydable 100 ml 200 ml 300 ml 450 ml Maison Bureau Polyvalente Design Compact,https://www.amazon.com.be/dp/B0C3Q6DV42,15.54,,3.0,4,https://m.media-amazon.com/images/I/51DOBj0nquL._AC_UL320_.jpg,False,True
B08GFMNNZG,Easyworkz Diego Machine à expresso sur cuisinière en acier inoxydable cafetière italienne 4-6 tasses 300 ml cafetière à Induction,https://www.amazon.com.be/dp/B08GFMNNZG,48.09,,4.4,5,https://m.media-amazon.com/images/I/51M3EKH0agL._AC_UL320_.jpg,False,True
B0BX44NPQZ,Cosumy Cafetière à expresso à induction compatible avec tous les types de plaques de cuisson – Cafetière à moka en acier inoxydable 6 tasses et bois de chêne FSC – Joint en silicone supplémentaire –,https://www.amazon.com.be/dp/B0BX44NPQZ,27.99,,4.3,637,https://m.media-amazon.com/images/I/71khF8RozPL._AC_UL320_.jpg,False,True
B000ALVUM6,"Philips Machine à Café Filtre - Verseuse Isotherme 1.2 L, Jusqu'à 15 Tasses, Goût de Café Riche, Arrêt Automatique Direct, En Inox, Argent/Noir (HD7546/20)",https://www.amazon.com.be/dp/B000ALVUM6,59.49,89.99,4.4,1,https://m.media-amazon.com/images/I/51+Py-JVWwL._AC_UL320_.jpg,False,True
B01CAIWZV6,"Doseur pour machines à café Ariete 1375, également compatible avec les machines à café Mokona Bialetti et De Longhi.",https://www.amazon.com.be/dp/B01CAIWZV6,7.33,,4.6,5,https://m.media-amazon.com/images/I/31VEd5G+gIL._AC_UL320_.jpg,False,False
B0CQVXDKTK,"E&B Lab, by IMS Competition Filtre à moka (3 tasses)",https://www.amazon.com.be/dp/B0CQVXDKTK,29.00,,4.6,278,https://m.media-amazon.com/images/I/51UNFmUYSTL._AC_UL320_.jpg,False,False
B06WGTZ874,"De'Longhi Dedica Style EC685.M, Machine à Expresso avec Buse à Mousse de Lait Professionnelle, Seulement 15 cm de Large, Réservoir de 1 L, Boîtier en Métal, Compatible avec les Dosettes E.S.E, Métal",https://www.amazon.com.be/dp/B06WGTZ874,126.00,,4.1,1,https://m.media-amazon.com/images/I/61Q9t+ksgNL._AC_UL320_.jpg,False,False
B0DSBTKBZB,"Moulin à café manuel extérieur réglable avec mécanisme conique de haute précision en céramique, réglage à 40 niveaux, adapté pour aeropress, Pour Over et Moka.",https://www.amazon.com.be/dp/B0DSBTKBZB,14.56,18.96,4.4,1,https://m.media-amazon.com/images/I/71UjgkaRedL._AC_UL320_.jpg,False,False
B01M19IQ17,Bialetti Lot de 3 joints de rechange en caoutchouc pour cuisinière Moka Express,https://www.amazon.com.be/dp/B01M19IQ17,9.92,,4.6,328,https://m.media-amazon.com/images/I/51iMFL8xG5L._AC_UL320_.jpg,False,False
B01MZ6D3P4,"Bialetti 0800502-Filtro per Caffettiera, 4 Tazze, Metallo, Inox",https://www.amazon.com.be/dp/B01MZ6D3P4,14.80,,3.9,50,https://m.media-amazon.com/images/I/61GytGnauIL._AC_UL320_.jpg,False,False
B0F5MP67T4,Bialetti Moka 1 tasse,https://www.amazon.com.be/dp/B0F5MP67T4,36.45,,5.0,1,https://m.media-amazon.com/images/I/21ZvuJEp-tL._AC_UL320_.jpg,False,False
B0FR51QCYR,Bialetti Ligne Pure Gold (Lot de 4 cuillères à café),https://www.amazon.com.be/dp/B0FR51QCYR,20.37,,4.7,1,https://m.media-amazon.com/images/I/51Me+iK4jWL._AC_UL320_.jpg,False,False
B09TQ17L2Q,"Bialetti Ricambi, Includes 1 Funnel Filter, Compatible with Venus, Kitty, Musa (4 Cups)",https://www.amazon.com.be/dp/B09TQ17L2Q,13.52,,4.2,1,https://m.media-amazon.com/images/I/41uXnMGBSzL._AC_UL320_.jpg,False,False
B017XZ74E4,"Bialetti Break Cafetière Espresso Tasse 1, aluminium, gris, 11 x 7 x 14 cm",https://www.amazon.com.be/dp/B017XZ74E4,25.99,,4.3,3,https://m.media-amazon.com/images/I/71oNVPo4-uL._AC_UL320_.jpg,False,False
B01A75ATL2,Bialetti Capsules Venezia - Set 8 packages of 16 capsules,https://www.amazon.com.be/dp/B01A75ATL2,65.40,0.51,4.4,141,https://m.media-amazon.com/images/I/81u4Lxgt-2L._AC_UL320_.jpg,False,False
B09KTX2XYW,"VeoHome Cafetière Italienne en verre et inox 360 ML – Cafetière Moka Induction, Gaz, Céramique Style Expresso – Incassable, Sûre et Lavable au Lave-Vaisselle",https://www.amazon.com.be/dp/B09KTX2XYW,49.97,,4.3,11,https://m.media-amazon.com/images/I/71+2mONIMvL._AC_UL320_.jpg,False,False
B0FXBH5B1Z,MOKA FIAMMETTA IND 2TZ BLUE ORSETTO,https://www.amazon.com.be/dp/B0FXBH5B1Z,49.91,,4.2,3,https://m.media-amazon.com/images/I/31sqE-nYYzL._AC_UL320_.jpg,False,False
B0DV9T6NMH,Lot de 4 tasses à café Bialetti Winter Wonderland Turquoise Porcelaine 90 ml - Marque : Bialetti - EAN : 8006363075152,https://www.amazon.com.be/dp/B0DV9T6NMH,51.90,12.98,,,https://m.media-amazon.com/images/I/51ZKsn15ISL._AC_UL320_.jpg,False,False
B01LTAH0E8,Bialetti Moka Express Lot de 2 filtres et joints de rechange 3 tasses,https://www.amazon.com.be/dp/B01LTAH0E8,16.45,2.74,4.7,309,https://m.media-amazon.com/images/I/61HxwboelDL._AC_UL320_.jpg,False,False
B09T93V68M,"Bialetti Ricambi, Includes 1 Funnel Filter, Compatible with La Mokina",https://www.amazon.com.be/dp/B09T93V68M,10.75,,4.6,3,https://m.media-amazon.com/images/I/61yRfD4+TTL._AC_UL320_.jpg,False,False
B003TOH2BO,Bialetti 94760-06 Moka Express Cafetière à 6 tasses,https://www.amazon.com.be/dp/B003TOH2BO,41.73,,5.0,6,https://m.media-amazon.com/images/I/41fwRpuCeiL._AC_UL320_.jpg,False,False
B077PGQJ1K,EMBALLAGE À CADRE ALUMINIUM ALUMINIUM TZ18 BIALETTI,https://www.amazon.com.be/dp/B077PGQJ1K,16.15,,4.8,8,https://m.media-amazon.com/images/I/11KGbz1MJ3L._AC_UL320_.jpg,False,False
B077P4DP78,"Bialetti Moka Express, cafetière en aluminium 12 tasses",https://www.amazon.com.be/dp/B077P4DP78,,,4.8,18,https://m.media-amazon.com/images/I/418qokIA8IL._AC_UL320_.jpg,False,False
B07FYWMB2H,Bialetti Moka Express Lot de 6 joints et filtres de rechange pour cafetière expresso 6 tasses,https://www.amazon.com.be/dp/B07FYWMB2H,7.99,,4.4,1,https://m.media-amazon.com/images/I/61p201KkQ1L._AC_UL320_.jpg,False,False
B0GZQRXJZ8,"Bialetti Lot de 3 paquets de joints pour moka en acier | Pièces de rechange originales pour modèles : Musa, Venus, Kitty, Class | Choisissez la taille",https://www.amazon.com.be/dp/B0GZQRXJZ8,21.99,,,,https://m.media-amazon.com/images/I/61uyhdMp0xL._AC_UL320_.jpg,False,False
B074ZGW313,Bialetti 0800111 ORZO Blister Entonnoir Aluminium INOX 12 x 7 x 19 cm,https://www.amazon.com.be/dp/B074ZGW313,7.96,,3.7,1,https://m.media-amazon.com/images/I/41Kz89U+8QL._AC_UL320_.jpg,False,False
B0CRL96K1F,"Filtre et joint pour cafetière espresso, compatible avec la cafetière espresso Bialetti pour 2 tasses, Ø extérieur 54 mm, 5,4 cm, Ø intérieur 49 mm, 4,9 cm, joint de rechange",https://www.amazon.com.be/dp/B0CRL96K1F,6.55,,5.0,1,https://m.media-amazon.com/images/I/715-ZY2HAyL._AC_UL320_.jpg,False,False
B0DHHMNCR7,"Capsule de café Rechargeable, Dosette de café Réutilisable en Acier Inoxydable pour Machines BIALETTI, Filtre Précis pour un Goût Fort et Lisse, Coffret",https://www.amazon.com.be/dp/B0DHHMNCR7,25.37,,3.2,2,https://m.media-amazon.com/images/I/51z43bIQhWL._AC_UL320_.jpg,False,False
B073QY1K38,Bialetti 0800107 Blister Entonnoir Aluminium INOX 19 x 12 x 10 cm,https://www.amazon.com.be/dp/B073QY1K38,16.80,,4.4,91,https://m.media-amazon.com/images/I/51UqMIx+xiL._AC_UL320_.jpg,False,False
B00BT927WA,Bialetti 0003130/NW machine à café Manuel Cafetière à piston 1 L,https://www.amazon.com.be/dp/B00BT927WA,,,4.5,4,https://m.media-amazon.com/images/I/61oeRsOtIfL._AC_UL320_.jpg,False,False
B0C1P674RM,BIALETTI 128 capsules de café au choix pour Mokespresso Mokona Mini Express,https://www.amazon.com.be/dp/B0C1P674RM,54.00,0.42,5.0,7,https://m.media-amazon.com/images/I/41M5rCkrPvL._AC_UL320_.jpg,False,False
B0B97YXMYH,"Filtre et 3x joint pour cafetière espresso, compatible avec la cafetière espresso Bialetti pour 2 tasses, Ø extérieur 57 mm, 5,7 cm, Ø intérieur 49 mm, 4,9 cm, joint de rechange",https://www.amazon.com.be/dp/B0B97YXMYH,7.07,,4.2,42,https://m.media-amazon.com/images/I/71PGKZkoSSL._AC_UL320_.jpg,False,False
B01DYJUQAW,"Bialetti 0800401 Joint pour Cafetière Italienne Caoutchouc Blanc/INOX 19 x 11,5 x 0,2 cm",https://www.amazon.com.be/dp/B01DYJUQAW,10.91,,4.1,2,https://m.media-amazon.com/images/I/61orkJcwCzL._AC_UL320_.jpg,False,False
B0B97ZLXK2,"Filtre et 3x joint pour cafetière espresso, compatible avec la cafetière espresso Bialetti pour 12 tasses, Ø extérieur 89 mm, 8,9 cm, Ø intérieur 82 mm, 8,2 cm, joint de rechange",https://www.amazon.com.be/dp/B0B97ZLXK2,9.31,,4.5,49,https://m.media-amazon.com/images/I/71P1NISe4vL._AC_UL320_.jpg,False,False
B0GYYGTLF4,BIALETTI Lot de 3 paquets de joints d'origine Bialetti pour Moka Express en aluminium | Choisissez la taille,https://www.amazon.com.be/dp/B0GYYGTLF4,19.70,,,,https://m.media-amazon.com/images/I/61OWNUaa3mL._AC_UL320_.jpg,False,False
B0D2LM6HFS,Bialetti Lot de 4 tasses avec soucoupes multicolores,https://www.amazon.com.be/dp/B0D2LM6HFS,46.70,11.68,,,https://m.media-amazon.com/images/I/616DXaylbzL._AC_UL320_.jpg,False,False
B000VQVVYW,Bialetti Moka Express 3 Tasses,https://www.amazon.com.be/dp/B000VQVVYW,24.00,,3.0,2,https://m.media-amazon.com/images/I/610TBA29+iL._AC_UL320_.jpg,False,False
B01FVUN6JA,"Bialetti Moka Express Poignée (18 tasses) – Noir, 12 x 2 x 19 cm",https://www.amazon.com.be/dp/B01FVUN6JA,7.98,,4.1,21,https://m.media-amazon.com/images/I/41W+FiLH21L._AC_UL320_.jpg,False,False
B0D2LMZQ1J,Bialetti Lot de 4 verres multicolores,https://www.amazon.com.be/dp/B0D2LMZQ1J,18.46,4.62,5.0,4,https://m.media-amazon.com/images/I/51xWNtS-+3L._AC_UL320_.jpg,False,False
B0CRL9XV48,"Filtre et 3x joint pour cafetière espresso, compatible avec la cafetière espresso Bialetti pour 6 tasses, Ø extérieur 72 mm, 7,2 cm, Ø intérieur 64 mm, 6,4 cm, joint de rechange",https://www.amazon.com.be/dp/B0CRL9XV48,8.26,,4.6,9,https://m.media-amazon.com/images/I/71iYT12HrrL._AC_UL320_.jpg,False,False
B01N208V3O,"Aeternum Divina - Cafetière en acier, 2 tasses, poignée anti-brûlure, couleur argent",https://www.amazon.com.be/dp/B01N208V3O,29.69,,4.2,770,https://m.media-amazon.com/images/I/81rL5Du-cWL._AC_UL320_.jpg,False,False
B0BCFZ83B6,1 HANDLE GREY NEW MOKA INDUCT 4 CUP marque Bialetti,https://www.amazon.com.be/dp/B0BCFZ83B6,11.00,,3.2,4,https://m.media-amazon.com/images/I/51KufYG8E9L._AC_UL320_.jpg,False,False
B0BBVP2XG8,Joint + filtre pour cafetière électrique Bialetti Mokona Trio,https://www.amazon.com.be/dp/B0BBVP2XG8,6.90,,4.5,60,https://m.media-amazon.com/images/I/317zVdz83rL._AC_UL320_.jpg,False,False
B0FRXNKS1M,"CAPXSNOB Adaptateur de capsule de café réutilisable compatible avec la machine à café à capsules Bialetti Magician1 ST-542S, idéal pour la préparation de l'expresso",https://www.amazon.com.be/dp/B0FRXNKS1M,19.99,,5.0,3,https://m.media-amazon.com/images/I/51EhgGVXzTL._AC_UL320_.jpg,False,False
B06Y5LLD7N,Fdit Cafetière Espresso Italienne avec Filtre en Acier Inoxydable Moka Cafetière Argent 100/200/300/450 ml pour Bureau de Cuisine (Size : 100ml),https://www.amazon.com.be/dp/B06Y5LLD7N,16.58,,3.9,2,https://m.media-amazon.com/images/I/51twbYwJFrL._AC_UL320_.jpg,False,True
B0BXLTV6VJ,"Cafetière italienne à moka 1 tasse, 1 bec verseur en acier inoxydable léger, pour camping, maison, bon",https://www.amazon.com.be/dp/B0BXLTV6VJ,35.29,,5.0,3,https://m.media-amazon.com/images/I/519R+MvRksL._AC_UL320_.jpg,False,True
B0CLYL3M7L,"Secura Presse à cafetière française, presse à café isolée double couche en acier inoxydable, portable",https://www.amazon.com.be/dp/B0CLYL3M7L,29.76,,1.0,2,https://m.media-amazon.com/images/I/511rqL+qieL._AC_UL320_.jpg,False,True
B0C99RPW6C,"Asixxsix Moka Pot à Tube Unique, 50ml Mini 1 Cup Moka Pot en Alliage d'aluminium à Bec Unique Moka Pot résistant à la Chaleur Cafetière Italienne pour la Maison, Les fêtes, Le Camping",https://www.amazon.com.be/dp/B0C99RPW6C,14.52,15.48,3.8,11,https://m.media-amazon.com/images/I/51Lky-37AQL._AC_UL320_.jpg,False,True
B0855T11WD,"Cuillère à Café 2 En 1 En Acier Inoxydable Tasseur Café 15 Ml/0,5 Oz Mesure Et Cuillère à Café En Poudre 5,7 * 2 * 1,4 Pouces",https://www.amazon.com.be/dp/B0855T11WD,9.90,,4.4,3,https://m.media-amazon.com/images/I/31Cw+YQhAVL._AC_UL320_.jpg,False,True
B0DDXYQYLY,"Ejoyous Cafetière à expresso monotube en acier inoxydable pour 1 tasse, cafetière à moka de 50 ml pour la maison, le café, le bureau",https://www.amazon.com.be/dp/B0DDXYQYLY,19.52,,3.0,12,https://m.media-amazon.com/images/I/61gQipKQ9TL._AC_UL320_.jpg,False,True
B06WD7BNNY,Aeternum Y0DVVPN220 Cuit Vapeur avec Panier/Couvercle Acier Inoxydable INOX 26 x 25 x 19 cm,https://www.amazon.com.be/dp/B06WD7BNNY,52.50,,4.4,811,https://m.media-amazon.com/images/I/61kiWrP2TfL._AC_UL320_.jpg,False,False
B004BDMI8O,Bialetti 94760-02 Cafetière Moka Express avec 2 Tasses,https://www.amazon.com.be/dp/B004BDMI8O,38.00,,4.3,1,https://m.media-amazon.com/images/I/71sqR4OYPNL._AC_UL320_.jpg,False,False
B01M0WUCZL,Guarn.+Filtre Gb Tz. 1-2,https://www.amazon.com.be/dp/B01M0WUCZL,15.01,,4.4,5,https://m.media-amazon.com/images/I/51XYOtssFLL._AC_UL320_.jpg,False,False
B08KJ6ZZ3T,"Parodi & Parodi 2 – 3 tasses moka, compatibles bialetti et autres marques, 1 poignée de rechange pour cafetière, neutre, standard",https://www.amazon.com.be/dp/B08KJ6ZZ3T,9.23,,3.5,11,https://m.media-amazon.com/images/I/61emE7neGUL._AC_UL320_.jpg,False,False
B00EAGK95Q,Bialetti - ZDCSIPT8ST - Dolce Chef - Set de 8 Pièces Moule à Muffin - Silicone - Étoile,https://www.amazon.com.be/dp/B00EAGK95Q,15.02,,4.4,1,https://m.media-amazon.com/images/I/318EwbtNKuL._AC_UL320_.jpg,False,False
B08BJDDLGZ,Bialetti NEW VENUS 4TZ Induction marque Bialetti,https://www.amazon.com.be/dp/B08BJDDLGZ,39.00,,3.9,1,https://m.media-amazon.com/images/I/61PlBVOSoXL._AC_UL320_.jpg,False,False
B09N7B1NRP,RECAFIMIL Capsule de café réutilisable en acier inoxydable pour machine à café Bialetti,https://www.amazon.com.be/dp/B09N7B1NRP,18.99,,3.2,198,https://m.media-amazon.com/images/I/51PhLNmjeGL._AC_UL320_.jpg,False,False
B07XK6NLSQ,"Bialetti Mini Express, aluminium, tasses non incluses",https://www.amazon.com.be/dp/B07XK6NLSQ,32.97,,4.3,5,https://m.media-amazon.com/images/I/51Mht3ZArIL._AC_UL320_.jpg,False,False
B0FVNQCD4G,"Bialetti Moka Express Noël 2025 Cafetière Rouge 1 Tasse, édition spéciale Joyful Memories, 60 ml en aluminium",https://www.amazon.com.be/dp/B0FVNQCD4G,44.01,,4.0,1,https://m.media-amazon.com/images/I/31+Jea7CBKL._AC_UL320_.jpg,False,False
B0B8HDHKFH,WANGCL Lot de 10 joints de rechange en silicone de qualité alimentaire pour cafetière Bialetti 6 tasses,https://www.amazon.com.be/dp/B0B8HDHKFH,6.99,,4.5,31,https://m.media-amazon.com/images/I/41IYgS8nL9L._AC_UL320_.jpg,False,False
B07333K1PY,Bialetti Aeternum Corail Couvercle 16 cm,https://www.amazon.com.be/dp/B07333K1PY,28.00,,4.0,1,https://m.media-amazon.com/images/I/31q9OOOfs4L._AC_UL320_.jpg,False,False
B0CDZG4SMG,Bialetti Lot de 4 tasses,https://www.amazon.com.be/dp/B0CDZG4SMG,44.00,,,3,https://m.media-amazon.com/images/I/614Kuz3GuuL._AC_UL320_.jpg,False,False
B0DTKC45XQ,"Bialetti Mokina Rouge, Moka Express Demi-tasse, Collection Wonderland | Cafetière ½ café Manche Rouge",https://www.amazon.com.be/dp/B0DTKC45XQ,27.99,,5.0,4,https://m.media-amazon.com/images/I/61sz3VSyoAL._AC_UL320_.jpg,False,False
B08ZYV9F8S,Bialetti SH-2301109 CAFFETT Moka Bande 2020 TZ9 Silicone,https://www.amazon.com.be/dp/B08ZYV9F8S,54.66,,4.3,2,https://m.media-amazon.com/images/I/314ztTEG0bL._AC_UL320_.jpg,False,False
B0GS65GV3R,Bialetti Lot de 2 tasses à café et soucoupes assorties design avec ours Joyful Memories en céramique 70 ml lavables,https://www.amazon.com.be/dp/B0GS65GV3R,16.95,,5.0,1,https://m.media-amazon.com/images/I/51dJB+LuBOL._AC_UL320_.jpg,False,True
